EntryID,Headword,HeadwordPDLMA,POS,Sources
E0099,aju,a*ju,s,JLC;RGL03;RLC04;RLC10
E0100,alcanfor,alka-nfo!r,s,RLC04;RLC10
E0101,alcatras,alka-tra!s,s,RLC04;RLC10
E1132,almendra,alme*ndra,s,JLC;RLC10;RLC14
E0105,"anis estreya","ani!s estre*ya",s,RLC04
E1195,"anisadu xuba'","anisa*du zhuba!7",s,VC17
E0108,anona,ano*na,s,RLC04;RLC10;FSL14
E0109,apiu,a*pyu,s,RLC04;RLC10
E0110,arnica,a*rrni-ka,s,RGL03;RLC04;RLC10
E0111,arros,a-rro!s,s,RLC10
E0123,"baba' xti nite","baba!' (x.ti*) nite",s,RLC10
E1235,"bacua'",ba-kwa7,s,FSL17;VC17
E0006,"bacuela gui'xhi'","ba-kwe*lla* gi7xi",s,FSL12;FSL14;RLC14;VOT14
E0005,"bacuela niza","ba-kwe*lla* (niza)",s,JLC;ND;VP;RGL03;RLC10;FSL14;RLL14
E0007,"bacuugu'",ba-kuugu,s,EJG;RGL03;FSL14
E1134,"bacuxu'",ba-kuzhu!7,s,ND;VP;RLC04;RLC10
E0009,"bacuxu' quichi'","ba-kuzhu!7 kichi!7",s,ND;VP;RLC04;RLC10;FSL14;RLC14;FSL15
E0008,"bacuxu' rosado","ba-kuzhu!7 rosa*du",s,ND;VP;RLC04;RLC10;FSL14;RLC14;FSL15
E1108,badana,ba-da*na,s,FSL14
E0010,"badandi'",ba-dandi!7,s,EJG
E0098,"badxa laga","ba-dxa* la*ga",s,RLC04;RLC10
E0122,baina,ba*yna,s,JLC;RGL03;RLC10
E0011,"baladxi'",ba-ladxi!7,s,VC12;FSL14;RLC14
E0012,"baladxi' guiichi","ba-ladxi!' giichi*",s,RLC10;FSL14;RLC14
E0013,"bandadi'",ba-ndadi!7,s,EJG;JLC;VP;RLC04;RLC10;RLC14
E0014,bandaga,ba-ndaga,s,EJG;JLC;VP;RGL03;RLC10;VOT14
E0015,"bandaga bata","ba-ndaga bata",s,RLC04;GPB10;RLC10
E0019,"bandaga bia","ba-ndaga bya*",s,RGL03
E0017,"bandaga biduaa","ba-ndaga bi-dwaa",s,RLC10
E0020,"bandaga bioongo'","ba-ndaga byoongo",s,RLC04;RLC10
E0131,"bandaga granada","ba-ndaga grana*da",s,RLC04;RLC10
E0022,"bandaga gueta guu","ba-ndaga geta guu*",s,RGL03;RLC10
E1219,"bandaga guie'","ba-ndaga gye7",s,VC17
E1116,"bandaga huigu'","ba-ndaga wigu!7",s,RLC14
E0025,"bandaga mani' xubi","ba-ndaga mani!' zhu!bi",s,RLC04;RLC10
E0026,"bandaga mudu","ba-ndaga mudu*",s,RGL03;RLC04;RLC10;FSL14;RLC14;VOT14
E0027,"bandaga naranja","ba-ndaga nara*nja",s,RLC04;RLC10
E0029,"bandaga nisa","ba-ndaga nisa",s,RLC10
E0033,"bandaga ri'ni'","ba-ndaga ri7ni",s,RGL03;RLC04;RLC10;VOT14
E0031,"bandaga riguiidi'","ba-ndaga ri-giidi",s,JLC;RLC07;RLC10
E1154,"bandaga rini","ba-ndaga rini",s,JLC;RLC10;RLC14;VOT14
E0128,"bandaga ta guu","ba-ndaga ta guu*",s,RLC10
E0129,"bandaga te","ba-ndaga te",s,JLC;SOO14;VOT14
E1117,"bandaga xolo","ba-ndaga zhollo",s,RLC14
E0135,"bandaga yaa","ba-ndaga yaa",s,RLC10
E0136,"bandaga yaxhu","ba-ndaga yaxu",s,RLC04;RLC10
E0132,"bandaga yerbasanta","ba-ndaga yerbasa*nta",s,RLC04;RLC10;VOT14
E1262,"bandaga yua","ba-ndaga yuwa",s,VC17
E1187,"bandaga yuxi","ba-ndaga yuzhi",s,VC17
E0138,"bandaga zee","ba-ndaga zee",s,JLC;RLC10;RLC14
E0140,"bandui'",ba-ndwi*7,s,EJG;JLC;VP;RGL03;RLC04;RLC05;RLC10
E0141,"bandui' gui'xi'","ba-ndwi*7 gi7xi",s,RGL03;RLC04;FSL14
E0142,"bandui' roonde'","ba-ndwi*' roonde*",s,RGL03;RLC04;RLC10;FSL14
E0113,bara,ba*ra,s,JLC;RLC10
E0114,"bara mboolo'","ba*ra mboolo",s,JLC;RLC10;RLC14;VOT14
E0115,"bara nite","ba*ra nite",s,JLC;RLC10;RLC14;SOO14;VOT14
E0119,"bara xiaa","ba*ra zhyaa*",s,JLC;FSL14;VC17
E0120,"bara yu'la'","ba*ra yu!7la",s,JLC;RLC10
E0121,"bara ziuula'","ba*ra z.yuula",s,RLC10
E0145,baruusa,ba-ruu*sa*,s,JLC;RLC10;RLC14;VOT14
E1224,"bato' yaga","ba-to7 yaga",s,VC17
E0147,"batuuba'",ba-tuuba,s,RGL03;RLC09;RLC10;FSL15;RLC15;VOT15
E0148,"batuuba' gui'xhi'","ba-tuuba gi'xi",s,JLC;RLC14
E1083,batuucha,ba-tuu*cha*,s,FSL14
E1095,"batuuza'",ba-tuuza,s,RLC14;VOT14;RLC17
E0149,be,be,s,EJG;VP;RLC10
E1260,"be yaga","be yaga",s,VC17
E1221,"be'te' tubi","be7te tu*bi",s,VC17
E0160,"be'za'",be7za,s,EJG;JLC;VP;RGL03;RLC10
E0162,"be'za' yaga","be7za yaga",s,EJG;JLC;VP;RLC10;FSL12;FSL15
E0152,"beela quii","beella* kii*",s,RLC04;RLC10;FSL14;FSL15;VOT15
E0155,berbena,berbe*na,s,RLC04;RLC10
E0158,"beu'",bewu*7,s,EJG;VP;RLC10
E0175,"bi'ca'",bi7.ka,s,JLC;VC17
E0261,"bi'xhu'",bi7xu,s,EJG;JLC;RLC10;VC17
E1181,bia,bi.ya,s,RGL03;RLC10;FSL14;VC17
E0292,bia,bi.ya,s,EJG;JLC;ND;VP;RGL03;RLC04;RLC10
E1182,"bia biduaa","bi.ya bi-dwaa",s,VC17
E1179,"bia huidxe'","b.ya wi*-dxe7*",s,VC17
E0294,biaa,b.yaa*,s,ND;RLC10;VC17
E0299,biaachi,b.yaa*chi*,s,EJG;FSL14;RLC14;FSL15;RLC15;VOT15
E0300,biaahui,b.yaawi*,s,EJG;JLC;ND;VP;RLC04;RLC10;FSL14;RLC14
E0165,"biaahui do","b.yaawi* do",s,EJG;FSL12;FSL14
E0166,biadxi,b.yadxi,s,EJG;ND;VP;RLC04;RLC10
E0167,"biadxi beñe","b.yadxi benye",s,JLC;RLC10
E0168,"biadxi bidxiña","b.yadxi bi-dxinya*",s,JLC;FSL14
E0170,"biadxi dani","b.yadxi dani*",s,RLC10;FSL15;RLC15;VOT15
E0169,"biadxi guchi","b.yadxi guchi",s,RLC10;FSL14
E0171,"biadxi mayu","b.yadxi ma*yu",s,VOT12;FSL14;RLC14
E0172,"biadxi rii","b.yadxi rii",s,JLC;RLC04;RLC10;VOT12;FSL14;RLC14
E0173,"biadxi yaagui'","b.yadxi yaagi",s,JLC;RLC10;FSL14;RLC14
E0174,"biadxi yi'","b.yadxi yi*7",s,JLC;FSL14;RLC14
E1199,bichiisa,bi-chii*sa*,s,VP
E0180,bichooxhe,bi-chooxe*,s,EJG;JLC;ND;VP;RGL03;RLC04;RLC10
E0181,"bichooxhe berde","bi-chooxe* be*rrde",s,RLC04;RLC10
E1238,"bichooxhe bola","bi-chooxe* bo*la",s,VC17
E1242,"bichooxhe dxu'","bi-chooxe* dxu*7",s,VC17
E1246,"bichooxhe gui'xhi'","bi-chooxe* gi7xi",s,EJG;JLC;ND;VP;RLC04;RLC10;RLC14;SOO14;VOT14;FSL15;RLC15;VOT15
E1241,"bichooxhe guie lu bidxiña","bi-chooxe* gye lu bi-dxinya*7",s,VC17
E1240,"bichooxhe huala'dxi'","bi-chooxe* wa-la!7dxi",s,VC17
E0179,"bichooxhe ndaba'","bi-chooxe* ndaba!7",s,EJG;JLC;ND;VP;RLC04;RLC10;RLC14;SOO14;VOT14;FSL15;RLC15;VOT15
E1244,"bichooxhe xtinu","bi-chooxe* x.ti*nu*",s,VC17
E1239,"bichooxhe yani","bi-chooxe* yanni",s,VC17
E0176,bicuudxe,bi-kuu*dxe*,s,JLC;RLC10
E0187,biduaa,bi-dwaa,s,EJG;VP;RGL03;RLC10
E0188,"biduaa bidxi'","bi-dwaa bi-dxi!7",s,RGL03;RLC04;RLC10;CE12
E0189,"biduaa chita","bi-dwaa chita",s,EJG;VP;RGL03;RLC04;RLC10
E0190,"biduaa enanu","bi-dwaa ena*nu",s,RLC10
E0192,"biduaa migu","bi-dwaa mi*gu*",s,RLC10
E0193,"biduaa piña","bi-dwaa pi*nya",s,RGL03;RLC04;VC17
E0194,"biduaa sapu","bi-dwaa sa!pu",s,RLC10
E0195,"biduaa seda","bi-dwaa se*da",s,RGL03;RLC04;RLC10
E0196,"biduaa xiña'","bi-dwaa zhi-nya*7",s,RGL03;RLC04;RLC10
E0197,"biduaa yaagui'","bi-dwaa yaagi",s,RLC10
E0198,bidxi,bi-dxi,s,EJG;JLC;ND;VP;RGL03;RLC04;RLC10;VOT14;FSL15;RLC15;VOT15
E1156,"bidxi beenda'","bi-dxi beenda",s,JLC;RGL03;RLC04;RLC10;FSL12;RLC14;RLL14;FSL15
E0201,"bidxi cha'hui'","bi-dxi cha!7wi",s,RGL03;RLC04;RLC10
E0203,"bidxi dxiña","bi-dxi dxinya",s,EJG;ND;RGL03;RLC10;FSL12;FSL15
E1158,"bidxi gringu","bi-dxi gri*ngu",s,FSL15;FSL16
E0206,"bidxi layu","bi-dxi la=yu",s,EJG;FSL14;RLC14
E0208,"bidxi mudu","bi-dxi mudu*",s,RGL03;RLC04;RLC10;FSL15
E1157,"bidxi mula'","bi-dxi mulla!7",s,FSL15
E0202,"bidxi pinu (huiini')","bi-dxi pi*nu (wiini)",s,FSL15
E0214,"bidxi tini","bi-dxi tini",s,EJG;FSL14;RLC14
E0215,"bidxi toope","bi-dxi toope*",s,EJG;JLC;ND;RGL03;FSL12;FSL15;FSL16
E0216,"bidxi yele'","bi-dxi yelle!7",s,RLC04;RLC10;FSL15
E0212,"bidxi ñee de","bi-dxi nyee de",s,EJG;RLC10
E0218,bidxumi,bi-dxu*mi*,s,EJG;JLC;ND;VP;FSL14;FSL17;VC17
E0220,"biga raagu'","bi-ga raagu",s,EJG;RGL03;RLC10;RCL12;RLC14
E0221,"biga raagu' migu","bi-ga raagu migu*",s,EJG;VP;VC17
E1183,"biga raagu' niidxi","bi-ga raagu niidxi*",s,VC17
E1184,"biga raagu' roonde","bi-ga raagu roonde*",s,VC17
E0227,"biguie'",bi-gye7,s,RLC10
E0224,"bigupi benda","bi-gupi benda",s,FSL14
E0223,"biguá gui'xhi'","bi-gwa! gi7xi",s,VC15
E0228,bii,bi.i*,s,JLC;ND;VP;RLC04;RLC10
E0229,biibi,"(yaga) bii*bi*",s,JLC;RLC14
E0230,"biibi oro","bii*bi* o*ro",s,ND;RLC04;RLC10;FSL15;RLC15
E0231,"biidxi'",biidxi,s,JLC;ND;VP;RGL03;RLC04;RLC10
E0232,"biidxi' almedra","biidxi alme*ndra",s,JLC;RGL03;RLC10
E0233,"biidxi' guitu","biidxi gitu",s,JLC;RLC04;RLC10
E0235,biitu,biitu*,s,EJG;JLC;ND;VP;RGL03;RLC10;RLC14;VOT14
E0238,"bilumbu'",bi-lumbu!7,s,EJG;ND;RGL03;RLC09;RLC10;FSL15;RLC15;VOT15
E0239,"bilumbu' riga","bi-lumbu!' riga",s,JLC;RLC10
E0240,"bindii ziña","bi-ndii* zinya",s,JLC;RLC10
E0241,bini,bi-ni,s,VP;RLC10;VC17
E1251,bini,bi-ni,s,VP;RLC10;VC17
E0242,biniidxi,bi-nii*dxi*,s,JLC;VP;RLC10
E1141,"biniidxi guchi","bi-nii*dxi* guchi",s,FSL14;RLC14;VC17
E0243,"biniidxi xiñá'","bi-nii*dxi* (gye7) zhi-nya*7",s,FSL14
E0247,"bioongo' dani","byoongo dani*",s,RLC04;RLC10
E0094,"biquiiri'",bi-kiiri,s,EJG;ND;VC17
E1189,"biquiiri' daapa","bi-kiiri daa*pa*",s,EJG;VC17
E0251,"biruba guiiña'","bi-ru*ba* giinya",s,JLC;VP;RLC04;RLC10;FSL15;RLC15;VOT15
E0254,birungu,bi-rungu*,s,JLC;VP;RLC04;RLC10
E0258,"bitiaa gui'xhi'","bi-tyaa* gi7xi",s,JLC;RLC10
E0256,"bitu xiga","(yaga) bitu* zhi^ga",s,JLC;ND;VP;RLC10;FSL12;RSL12;FSL14;MLC14;RLC14;FSL15;RLC15
E0037,"biu'dxu'",b.y.u7dxu,s,JLC;RLC10
E0259,"biuda alegre","byu*da ale*gre",s,RLC04;RLC10
E0260,"bixhiidi'",bi-xiidi,s,EJG;JLC;ND;RLC10
E0264,bixia,bi-zhya*,s,JLC;ND;VP;RLC10;FSL14;VC17
E1097,bixolo,bi-zholo*,s,FSL15
E0263,"bixuga na' mixhtu'","bi-zhuga* na*' mi^xtu!7",s,JLC;RLC04;RLC10
E1198,biyee,bi-yee,s,RLC10
E0266,bizaa,bi-zaa,s,EJG;ND;VP;RGL03;RLC10;RLC14
E1282,"bizaa baala","bi-zaa baa*la*",s,VC17
E0267,"bizaa bayu","bi-zaa ba*yu",s,RLC04;RLC10
E0268,"bizaa bidxi","bi-zaa bidxi",s,RLC;RLC10
E0269,"bizaa blancu","bi-zaa bla*nku",s,RLC04;RLC10
E0270,"bizaa bolita","bi-zaa boli*ta",s,RLC10;FSL17
E1212,"bizaa cuaana'","bi-zaa kwaana",s,FSL17;VC17
E1203,"bizaa dxima","bi-zaa dxi*ma",s,FSL17
E1202,"bizaa dxima","bi-zaa dxi*ma",s,FSL17;VC17
E1204,"bizaa huii","bi-zaa wii",s,VC17
E0272,"bizaa huiini'","bi-zaa wiini",s,EJG;VP;RGL03;RLC10;FSL17;VC17
E0273,"bizaa quichi'","bi-zaa kichi!7",s,RLC04;RLC10
E0274,"bizaa ri'ni'","bi-zaa ri7ni",s,JLC;RLC10
E0275,"bizaa yaase'","bi-zaa yaase",s,JLC;RLC10
E0276,bizachi,bi-zachi,s,EJG;ND
E0279,biziaa,bi-zyaa*,s,EJG;JLC;VP;RGL03;RLC10
E1205,"biziaa nda'","bi-zyaa* nda*'",s,VC17
E0926,"biziaa xtia","bi-zyaa* xtya! ~ (yaga) alme*ndra",s,RLC12
E1206,"biziaa yu","bi-zyaa* yu",s,VC17
E0278,bizunu,bi-zunu,s,EJG;VP;RLC10;RLC14;VOT14;VC17
E0244,"biña'",bi-nya*7,s,FSL12;RLC14
E0281,bolita,boli*ta,s,RLC10;RLC14
E0283,brasil,bra-si!l,s,RLC04;RLC10;FSL15;RLC15
E0288,"bui'",bwi*7,s,EJG;JLC;ND;VP;RLC04;RLC10
E0290,"bui' dani","bwi*' da^ni*",s,JLC
E0291,"bui' de pera","bwi*' de+ pe*ra",s,RLC04;RLC10
E0289,"bui' guchi","bwi*7 guchi",s,RLC04;RLC10
E0302,cacahuate,kakawa*te,s,JLC;RLC10
E0303,cafe,ka-fe!,s,RLC04;RLC10
E0304,canela,kane*la,s,RLC10
E0305,catalan,kata-la!n,s,RGL03;RLC04;RLC10
E1107,"charru gringu",cha*rrugri*ngu,s,FSL14
E0329,chinchin,chin-chi!n,s,FSL12
E0307,clabu,kla*bu,s,RGL03;RLC04;RLC10
E0308,"clabu huiini'","kla*bu wiini",s,RGL03;RLC04;FSL14
E0309,coco,ko*ko,s,JLC;RLC04;RLC10
E0310,"coco huiini'","ko*ko wiini",s,JLC;RLC10
E0311,"cola de cabayu","ko*la de+ kaba*yu",s,RLC04;RLC10
E0911,"cola mani xubi","ko*lla mani!' zhu!bi",s,RGL03;RLC04;FSL12;VC12;VOT15
E0857,"cola mani xubi dani","ko*lla mani!' zhu!bi dani*",s,VG17
E1072,"congo dani","ko*ngo dani*",s,FSL14
E0314,"coongo'",koongo,s,RLC10
E0315,copachil,pa-chi!l,s,FSL12;FSL16
E1110,copita,kopi*ta,s,FSL14;RLC14
E0317,coquito,koki*to,s,RLC04;RLC10
E0318,cortes,korrte!s,s,FSL14
E0319,"cresta gayu","kre*sta ga*yu",s,RLC04;RLC10
E1268,"cuaananaxhi gui'xhi'","kwaana=naxi gi7xi",s,VC17
E0322,cuaananaxhi,kwaana=naxi,s,JLC;ND;RLC10
E0323,"cue' bandaga","kwe7 ba-ndaga",s,RGL03;RLC10
E0324,"cue' yaga","kwe7 yaga",s,RGL03;RLC10;RLC14;SOO14;VOT14;VC17
E1106,cuete,kwe*te,s,FSL14;RLL14
E0320,cumbriu,"ku-mbri!wu, ko-mbri!w",s,JLC;RGL03;RLC10;FSL15;VOT15
E0335,"de guie'","de gye7",s,RGL03;VC17
E0338,"de punta rrama","de+ pu*nta rra*ma",s,RGL03;RLC10
E0336,"de punta yaga","de+ pu*nta yaga",s,RGL03;RLC10
E0339,"deche bandaga","deche ba-ndaga",s,RGL03;RLC10;VC17
E1281,"diaga bindxaba'","dyaga bin=dxaba!7",s,RGL03;RLC04;RLC10;VC17
E1232,"doo donda","doo donda",s,VC17
E0341,"doo luxu","doo luzhu*",s,EJG;RLC10
E0342,"doo ziña","doo zinya",s,JLC;RLC10
E1099,dormilona,dormilo*na,s,FSL14;FSL15
E0343,du,du,s,EJG;JLC;ND;VP;RGL03;RLC10;VC17
E0050,"du'ga'",du!7ga,s,JLC;RLC10
E1130,"du'ga' gui'xi'","du!7ga gi7xi",s,RLC14
E0345,duba,duba,s,JLC;ND;VP;RLC10
E0798,"duba dxa","duba dxa*",s,JLC;RLC04;RLC10;VC17
E0799,"duba dxa gui'xhi'","duba dxa* gi7xi",s,RLC04;RLC10
E0344,dudu,du*du*,s,JLC;RLC10;VC17
E0347,"duuza'",duuza,s,JLC;ND;VP;RLC04;RLC10;VC17
E0349,"dxiña yaga","dxinya yaga",s,RLC04;RLC10;VC17
E0351,esclabon,eskla-bo!n,s,RLC10;FSL15
E0355,"flor de china","flor de chi*na",s,RLC04;RLC10;VC17
E0354,flordecampu,florrde-ka*mpu,s,FSL15;RLC15;VOT15
E0356,fresa,fre*sa,s,RGL03;RLC04;RLC10
E1227,"galaa bato' yaga","ga-laa* ba-to7 yaga",loc,VC17
E0359,"gamitu gui'xhi'","gami*tu* gi^7xi",s,RGL03;RLC10
E0945,gardenia,garde*nya,s,RLC04;RLC10;FSL14
E0365,girasol,jira-so!l,s,RLC04;RLC10
E0595,"girasol cha'hui'","jira-so!l cha!7wi",s,RLC04;RLC10
E0596,"girasol gui'xhi'","jira-so!l gi7xi",s,RLC04;RLC10
E0367,gordolobo,gorrdolo*bo,s,RLC04;RLC10
E0368,granada,grana*da,s,RLC04;RLC10;RLC14
E0369,gu,gu,s,EJG;JLC;ND;VP;RGL03;RLC10;RLC4
E0370,"gu bandaga","gu ba-ndaga",s,RLC10
E0371,"gu biguitu","gu bi-gitu",s,RLC10
E0372,"gu cha'hui'","gu cha!7wi",s,RGL03;RLC04;RLC10
E1145,"gu guchi","gu guchi",s,RLC14
E0373,"gu muradu","gu mura*du",s,RLC10
E0374,"gu xiña'","gu zhi-nya*7",s,RLC10
E0375,"gu yaga","gu yaga",s,EJG;JLC;VP;RGL03;RLC10
E1216,"gu yu","gu yu",s,VC17
E0520,"gu'xhu' bido'","gu7xu bi-do7",s,JLC;RLC10
E0376,"guba gui","guba* gi",s,EJG;JLC;VP;RLC10;VC17
E0387,"gue'la' ziña","ge7la zinya",s,EJG;ND;VC17
E0379,"gueere'",geere,s,EJG;JLC;VP;RGL03;RLC04;RLC10
E0380,"gueere' papaya","geere papa*ya",s,RGL03;RLC04;RLC10;RLC14;VC17
E0382,"gueeze'",geeze,s,RLC17;VC17
E1280,"gueeze'",geeze,s,JLC;RLC10;VC17
E0383,guela,gela,s,EJG;JLC;ND;VP;RLC04;RLC10
E0384,"guela du","gela du",s,EJG;ND;RLC10;RLC14;VC17
E1218,"guela duuza'","gela duuza",s,VC17
E0385,"guela guichu","gela gichu",s,EJG;JLC;RLC10;RLC14
E1217,"guela niza","gela niza",s,VC17
E0386,"guela zee","gela zee",s,EJG;JLC;ND;RLC10
E0388,"guenda bedxe","genda* bedxe",s,EJG;ND
E0040,"guenda bidxu cha'hui'","genda* bi*dxu* cha!7wi",s,RLC04;RLC10
E1102,"guenda bidxu dani","genda* bi*dxu* (dani*)",s,FSL12;FSL14
E0041,"guenda bidxu gui'xhi'","genda* bi*dxu* gi7xi",s,RLC04;RLC10
E1142,"guenda bidxu ike bere","genda* bi*dxu* (ike) bere",s,FSL14
E0389,"guenda bidxu nisa","genda* bi*dxu* nisa",s,EJG;ND;VP;RCL10;RLC10;FSL12;RLC14;VOT14
E1152,"guenda dxiña","genda* dxinya",s,VG17
E0391,"guenda dxiña gui'xhi'","genda* dxinya gi7xi",s,JLC;RLC10;FSL15
E0038,"guenda ruguu bini","genda+ r.u-g.uu bi-ni",s,JLC;RLC10;VC17
E0043,"guenda xunu","genda* zhunu",s,JLC;ND;VP;RLC04;RLC10
E1180,"guendahuidxe'","genda+ wi*-dxe7*",s,VC17
E0394,gueza,geza,s,EJG;JLC;VP;RGL03;RLC04;RLC10
E0465,"gui'ri' bidxi","gi7ri bidxi",s,JLC;VP;RLC10;VC17
E0467,"gui'ri' ziña","gi7ri zinya",s,JLC;ND;RGL03;FSL14;VC17
E0481,"gui'xhi'",gi7xi,s,JLC;RLC04;RLC10
E1230,"gui'xhi' do","gi7xi do7",s,VC17
E0482,"gui'xhi' mangle","gi7xi ma*ngle",s,RGL03;RLC04;RLC10;VC17
E0483,"gui'xhi' ro'","gi7xi ro!7",s,RGL03;RLC04;RLC10
E0396,guibi,gibi,s,JLC;RLC10;VC17
E0395,"guicha guela","gicha gela",s,EJG;JLC;ND;RLC04;RLC10
E0398,guichu,gichu,s,EJG;JLC;ND;VP;RLC04;RLC10
E0399,guidi,"gidi ladi",s,JLC;RLC10
E0400,"guidi ladi la guitu","gidi ladi la* gi^tu",s,JLC;RLC10
E0401,"guidi ladi sanjuan","gidi ladi sa-njwa!n",s,RLC04;RLC10
E0402,"guidi ladi yaga","gidi ladi yaga",s,JLC;RLC10
E0405,guidxi,gidxi*,s,EJG;ND;VP;RLL14;VC17
E1274,"guie xuba'","gye zhuba!7",s,VC17
E0522,"guie'",gye7,s,JLC;RGL03;RLC10
E0523,"guie' abril","gye7 a-bri!l",s,RLC12;VC17
E0524,"guie' amapola","(gye7) amapo*la",s,RLC04;RLC10;VC17
E0567,"guie' arnica","gye7 a*rrni-ka",s,RLC04;RLC10
E0112,"guie' asusena","(gye7) asuse*na",s,BSL12
E0525,"guie' bandaga bata","gye7 ba-ndaga bata",s,RLC10
E0139,"guie' bandera","gye7 bande*ra",s,RLC04;RLC10
E0526,"guie' batuuba'","gye7 ba-tuuba",s,JLC;RLC10
E0528,"guie' be'te'","gye7 be7te",s,RLC04;RLC10;VC17
E0527,"guie' begu","gye7 begu*",s,RLC04;RLC10
E0529,"guie' bi'chi'","gye7 bi7chi",s,EJG;JLC;ND;VP;RLC10;FSL14;RLC14;FSL15;RLC15
E1146,"guie' bi'chi' guiigu'","gye7 bi7chi giigu",s,FSL15
E0530,"guie' bichiisa","gye7 bi-chii*sa*",s,JLC;RLC10
E1186,"guie' biga raagu'","gye' biga raagu",s,VC17
E0531,"guie' bigua","(gye7) bi-gwa!",s,EJG;JLC;RLC04;RLC10;FSL14;RLC14;RLL14
E0532,"guie' biibi","gye7 bii*bi*",s,RLC10;RLC14
E0068,"guie' biri","gye' bi-ri*",s,EJG;JLC;FSL15;FSL16
E0533,"guie' bramboyan","gye7 brambo-ya!n",s,RLC04;RLC10;RLC14
E1177,"guie' cha'chi'","gye7 cha7chi",s,EJG;ND;VP;RLC04;RLC10
E0537,"guie' cha'chi' gui'xhi'","gye7 cha7chi gi7xi",s,BSL12;FSL15;VOT15
E1215,"guie' china","gye7 chi*na",s,RLC04;RLC10;VC17
E0538,"guie' chisme","gye7 chi*sme",s,RLC04;RLC10;FSL14
E1220,"guie' chita (naxhi)","gye7 chita (naxi)",s,VC17
E0539,"guie' chuga","gye7 chuga",s,RLC04;RLC10
E0534,"guie' clabel","gye7 klabe!l",s,FSL12
E1185,"guie' coros","(gye7) ko-ro!s",s,VC17
E0541,"guie' daana' cha'hui'","gye7 daana cha!7wi",s,EJG;JLC;VP;RLC04;RCL10;RLC10;FSL14;RLC14;FSL15;VC17
E0542,"guie' daana' gui'xhi'","gye7 daana gi7xi",s,EJG;JLC;VP;RLC04;RCL10;RLC10;FSL14;RLC14;FSL15
E0544,"guie' dani","gye7 dani*",s,RLC04;RLC10
E0104,"guie' de ti rratu","gye7 de+ ti+ rra*tu",s,JLC;RLC04;RLC10
E0547,"guie' duuza'","gye7 duuza",s,RGL03;RLC10
E0548,"guie' fitufiu'","(gye7) fi!tu-fi!wu7",s,JLC;RLC05;RLC10;FSL14;RLC14;FSL16
E0406,"guie' gade","gye7 ga*de*",s,FSL14;RLC14;FSL15
E1136,"guie' gardenia","gye7 garde*nya",s,RLC14;VC17
E0550,"guie' guchi","gye7 guchi",s,JLC;RLC04;RLC10;RLC14
E1265,"guie' guiichi biduaa","gye7 guiichi* bi-dwaa",s,VC17
E0551,"guie' guiichi gu","gye7 giichi* gu",s,RLC04;RLC10;FSL14
E0552,"guie' guitu","gye7 gitu",s,RGL03;RLC10
E0566,"guie' huaxhinni","gye7 wa-xinni",s,JLC;RLC10;RLC14
E0554,"guie' isora","gye7 i-so*ra",s,RLC04;RLC10;VC17
E0568,"guie' jamaica","gye7 jama!y-ka",s,RLC04
E1247,"guie' la'dxido'","gye7 la7dxi=do7",s,VC17
E0555,"guie' moradu huiini'","gye7 mora*du wiini",s,RLC04;RLC10
E0557,"guie' ortensia","gye7 orrte*nsya",s,RLC04;RLC10
E0558,"guie' papaya","gye7 papa*ya",s,RGL03;RLC04;RLC10
E1104,"guie' quinseañera","gye7 kinseanye*ra",s,RLC14
E0560,"guie' riele' huadxi","gye7 r.y.elle!' wa-dxi",s,JLC;RLC04;RCL10;RLC10
E0570,"guie' rrosa de castia","gye7 rro*sa de ka-stya!",s,RLC;RGL03;RLC04;RLC10
E0561,"guie' sapatu duende","gye7 sapa*tu dwe*nde",s,RGL03;RLC04;RLC10
E0562,"guie' se' nalase'","gye7 se*7 na-lase!7",s,JLC;RLC04;RLC10;FSL12;FSL15;VOT15
E0563,"guie' se' naro'ba'","gye7 se*7 na-ro!7ba",s,FSL12;FSL15
E0571,"guie' stia","gye7 stya!",s,JLC;VP;RGL03;RLC04;RLC10;FSL15;RLC15
E0408,"guie' stia gui'xhi'","gye7 stya! gi7xi",s,RLC14
E1188,"guie' te","gye7 te",s,RLC04;RLC10;RLC14;VC17
E1123,"guie' tiiqui","gye7 tiiki*",s,EJG;JLC;RLC10;VOT15
E1222,"guie' xquela guidi biniidxi","gye7 x.kela gidi bi-nii*dxi*",s,RGL03;RLC04;RLC10
E0575,"guie' xuga","gye7 zhuga",s,RLC14
E1155,"guie' xuuba'","gye7 zhuuba",s,EJG;JLC;ND;VP;RLC04;FSL15;RLC15;VC15;VOT15
E1166,"guie' yaana'","gye7 yaana",s,RLC14;FSL15;RLC15;VOT15
E0577,"guie' zinya","gye7 zinya",s,EJG;RLC04;RLC10;FSL15;RLC15;VOT15
E0411,guiichi,giichi*,s,JLC;ND;RGL03;RLC04;RLC10
E0413,"guiichi aguxa'","giichi* aguzha!7",s,JLC;RLC04;RLC10;FSL14
E0415,"guiichi batuuba'","giichi* ba-tuuba",s,JLC;RLC10;RLC14
E0422,"guiichi bidu'","giichi* bidu!7",s,EJG;JLC;ND;RLC04;RLC10;FSL12
E0425,"guiichi biga raagu'","giichi* biga raagu",s,JLC;RLC14
E0429,"guiichi bihui","giichi* biwi",s,FSL12
E0426,"guiichi bii","giichi* bii*",s,JLC;RLC10
E0428,"guiichi biruba","giichi* bi-ru*ba*",s,EJG;JLC;ND;VP;RLC10
E0430,"guiichi bixa'","giichi* bizha*7",s,EJG;JLC;ND;RLC10;FSL12;FSL14
E1126,"guiichi bixa' burra","giichi* bizha*7 bu*rra",s,FSL14;FSL17
E0431,"guiichi bixa' mani'","giichi* bi-zha*7 mani!7",s,JLC;FSL14
E0432,"guiichi bizaari'","giichi* bi-zaari",s,ND;VP;FSL14
E0433,"guiichi bupu","giichi* bupu",s,FSL15
E0434,"guiichi buu","giichi* buu*",s,RLC04;RLC10;FSL12;FSL14;VOT15;FSL16;FSL17
E0437,"guiichi dxita","giichi* dxita",s,RLC10;BSL12;FSL14;FSL15
E0436,"guiichi dxiña","giichi* dxinya*",s,RLC10;FSL12
E0438,"guiichi gu moradu","giichi* gu mora*du",s,FSL14;FSL15;VOT15
E1144,"guiichi gu quichi'","giichi* gu kichi!7",s,FSL14;FSL15;VOT15
E0439,"guiichi gueda","giichi* geda",s,RGL03;RLC10;FSL15
E0442,"guiichi laya bi'cu'","giichi* laya (bi7ku)",s,RLC04;RLC10;FSL15
E0443,"guiichi luba'","giichi* lu-ba7 DEN:RLC10,MLC14",s,FSL14
E0444,"guiichi lui'","giichi* lwi*7",s,RLC10
E0445,"guiichi ndani","(yaga) giichi* ndani",s,RLC10;FSL14;RLC14;FSL15;RLC15
E0446,"guiichi tachi","giichi* ta*chi",s,FSL15;VOT15
E0447,"guiichi xahui","giichi* zha*wi*",s,JLC;RLC10;FSL15
E0325,"guiichi xhiidi","giichi* xiidi",s,EJG;JLC;ND;RLC10;FSL12;FSL14;RLC14;FSL15
E0450,"guiichi xumi","giichi* zhu*mi*",s,JLC;RLC10;FSL12;VC17
E0451,"guiichi yaa","giichi* yaa",s,FSL12;RLC14;FSL15;RLC15
E0452,"guiichi yaase'","giichi* yaase",s,EJG;JLC;RLC10;FSL15
E0453,"guiichi yonde'","giichi* yonde!7",s,EJG;RGL03;RLC04;RLC10;VC17
E1223,"guiinya' bidxi za","giinya bidxi za",s,VC17
E0461,"guiinya' xigundu'","giinya zhi+ gundu!7",s,EJG;RGL03;RCL10;RLC10;VC17
E0454,"guiiña'",giinya,s,JLC;ND;VP;RGL03;RLC04;RLC10
E0463,"guiiña' bidxi","giinya bidxi",s,RLC14
E0456,"guiiña' chilianchu","(giinya) chilya*nchu",s,RGL03;RLC10
E0455,"guiiña' curadu","giinya kura*du",s,RGL03;RLC10
E0457,"guiiña' dxuladi","giinya dxu-la!di",s,RGL03;RLC10
E0459,"guiiña' huajiyu","(giinya) waji*yu",s,RGL03;RLC10
E0592,"guiiña' jalapeñu","guiinya jalape*nyu",s,RGL03;RLC10
E0458,"guiiña' so'pe'","giinya so!7pe",s,RGL03
E0460,"guiiña' xcuuchu'","(giinya) x.kuu*chu*",s,RLC04;RLC10
E0462,"guiiña' yaa","giinya yaa",s,JLC;RLC10
E0468,guitu,gitu,s,EJG;JLC;ND;VP;RLC04;RLC10
E0469,"guitu bidxi","gitu bidxi",s,JLC;RLC10
E0470,"guitu biziña","gitu bi-zinya*",s,EJG;ND
E0472,"guitu chuga","gitu chuga",s,JLC;RLC10;VC17
E0473,"guitu dxiña","gitu dxinya",s,EJG;ND;RLC10
E0474,"guitu huiini'","gitu wiini",s,RGL03;RLC04;RLC10;VC17
E1121,"guitu nisa","gitu nisa",s,RLC14
E0475,"guitu ro'","gitu ro!7",s,RLC04;RLC10
E0477,"guitu xembe'","gitu zhembe!7",s,EJG;JLC;ND;VP;RLC10;RLC14;VOT14;VC17
E1229,"guitu xiga",gitu=zhiga,s,ND;VC17
E0479,"guitu yanni","gitu ya!nni",s,JLC;RGL03;RLC10;FSL15
E0480,"guitu yu'la","gitu yu!7la",s,RGL03;RLC04;RLC10
E0484,guixi,gizhi,s,EJG;JLC;VP;RGL03;RLC04;RLC10;VC17
E1135,"guixi bandui'","gizhi ba-ndwi*7",s,FSL14
E0487,"guixi bataa","gizhi ba-taa*",s,JLC;RGL03;RLC10;VC17
E0488,"guixi beede","gizhi beede*",s,EJG;JLC;RLC10
E0489,"guixi beu","gizhi bewu*",s,JLC;VP;RLC10;FSL15
E0492,"guixi bi'cu'","gizhi bi7ku",s,FSL15
E0494,"guixi donda","gizhi donda",s,EJG;JLC;VP;RLC10;FSL14;RLC14;FSL15
E0495,"guixi doo","gizhi doo",s,FSL14
E0496,"guixi ga'","gizhi ga!7",s,VP;RLC10
E0486,"guixi guba'ya'","gizhi (g)u-ba!7ya",s,RLC10;FSL14;FSL17
E0485,"guixi guendaro","gizhi genda+ r.o",s,RLC04;RLC10
E0498,"guixi laguna","gizhi lagu*na",s,FSL12
E0499,"guixi nisa","gizhi nisa",s,RGL03;RLC04;RLC10
E0500,"guixi nite","gizhi nite",s,JLC;RGL03;RLC10
E1191,"guixi niñu","gizhi ni*nyu",s,VC17
E0501,"guixi para gaze ne","gizhi para g.a!ze ne*",s,RLC04;RLC10
E0053,"guixi paral","(gizhi) pa-ra!l",s,RLC10
E0503,"guixi ra chupa","gizhi ra! chu*pa*",s,JLC;RLC10;FSL12;FSL15;FSL16
E0055,"guixi sacaton","(gizhi) saka-to!n",s,RLC10
E1070,"guixi tini","gizhi tini",s,FSL15
E1169,"guixi xiaa","gizhi zhyaa*",s,FSL15
E0509,"guixi yaa","gizhi yaa",s,VP;RLC10
E0508,"guixi yanu","gizhi ya*nu",s,RLC10
E0512,"guixi zee","gizhi zee",s,EJG;RLC10;RLC14
E1071,"guixi zidi laguna","gizhi zidi lagu*na",s,FSL14;RLC14
E0515,"gunixhi'",gu-nixi!7,s,EJG;JLC;VP;RLC10;RLC14;VC17
E0516,"gunixhi' de guba gui","gu-nixi!' de+ gu-ba* gi^",s,JLC;RLC10
E0517,"guñe",gunye,s,EJG;ND;VC17
E0580,huaje,wa*je,s,FSL15
E1243,"huanabana cha'hui'","wana*bana cha!7wi",s,VC17
E0583,"huanabana gui'xhi'","wana*bana gi7xi",s,BSL12
E0579,huaya,wa*ya,s,VOT12
E0584,huayaba,waya*ba,s,RLC10
E1103,"huele de noche",welede-no*che,s,FSL13
E0587,"igu'",igu!7,s,RLC04;RLC10;RLC14
E1087,inchahuebo,inchawe*bu,s,FSL14;FSL15
E0588,ineldu,ine*ldu,s,RLC04;RLC10;VC17
E0589,"ique bandaga","ike ba-ndaga",s,RGL03;RLC04;RLC10;VC17
E1225,"ique bato' yaga","ike ba-to7 yaga",s,VC17
E0590,"ique yaga","ike yaga",s,RGL03;RLC10
E0593,jasmin,ja-smi!n,s,RLC04;RLC10
E0603,"jñaa bi","j.nyaa* bi",s,FSL12
E1098,"jñaa nisa","j.nyaa* nisa",s,FSL13
E0514,"la bere'","la* bere!7",s,EJG;JLC;ND;VP;RLC10;FSL14;FSL15;RLC15;VOT15
E0605,"la bere' guie","la* bere!7 gye",s,RLC10
E0606,"la gu","la* gu*",s,FSL12;FSL15;RLC15
E1190,"la'",la7,s,VC17
E0613,"la'dxi'",la7dxi,s,ND;RGL03;RLC10
E1250,"la'dxi' nite","la7dxi nite",s,RGL03;FSL14;RLC14
E0615,"la'dxido' guie'","la7dxi=do7 gye7",s,RGL03;FSL14;RLC14
E0616,"la'dxido' yaga","la7dxi=do7 yaga",s,RGL03;RLC10
E0620,"la'pa' che le'cu'","la7pa che!+ le7ku",s,JLC;RLC04;RLC10;BSL12;FSL12;FSL15;VOT15
E0622,"la'pa' guiichi","la7pa giichi*",s,RLC10
E0623,"la'sa'",la7sa,s,VP;RLC10
E0624,"la'sa' bere","la7sa bere",s,RGL03;FSL15
E0625,"la'sa' biduaa","la7sa bi-dwaa",s,RGL03;RLC10;VC17
E0626,"la'sa' bidxiña","la7sa bi-dxinya*",s,JLC
E0627,"la'sa' yu","la7sa yu",s,JLC;VP;RLC10;CS12
E0628,"la'sa' yu dani","la7sa yu dani*",s,JLC;FSL14
E0631,"la'sa' yu muradu","la7sa yu mora*du",s,FSL12
E0629,"la'sa' yu te","la7sa yu te",s,VOT12
E0610,labaplatu,labapla*tu,s,RLC04;RLC10;BSL12;FSL12;VOT14;FSL15;VOT15;FSL16
E0633,laurel,law-re!l,s,RLC04;RLC10
E0635,"lechuga gui'xhi'","lechu*ga gi7xi",s,BSL12
E0636,lenteja,lente*ja,s,RGL03;RLC04;RLC10;VC17
E0637,lima,li*ma,s,RLC04;RLC10;VC17
E0642,"limon dulse",limondu*lse,s,RLC04;RLC10
E0639,"limon huiini'","li-mo!n wiini",s,RLC04;RLC10
E0640,"limon ngola","li-mo!n ngo*la",s,RLC04;RLC10
E0641,"limon ro'","li-mo!n ro!7",s,RLC04;RLC10
E0643,limun,li-mu!n,s,JLC;RLC04;RLC10
E0644,lindatarde,lindata*rrde,s,RLC04;RLC10
E0645,liriu,li*ryu,s,JLC;RLC10
E1208,"lu bandaga","lu ba-ndaga",s,VC17
E0648,"lu tui'","lu twi*7",s,RGL03;RLC04;RLC10
E0650,"luba'",lu-ba7,s,EJG;JLC;ND;VP;RGL03;RLC04;RLC10
E1079,"luba' alambre","lu-ba7 ala*mbre",s,FSL12
E0653,"luba' be'te'","lu-ba7 be7te",s,JLC;RLC10;RLC14;VOT14;FSL15;RLC15;VOT15
E0651,"luba' beenda'","lu-ba7 beenda",s,JLC;RLC10
E0057,"luba' bizaa","lu-ba7 bi-zaa",s,JLC;RLC10;RLC14
E0056,"luba' biña'","(lu-ba7) bi-nya*7",s,JLC;RLC10;RLC14;VC17
E1084,"luba' chorisu","lu-ba7 chori*su",s,FSL13;RLC14
E0655,"luba' estropaju","lu-ba7 estropa*ju",s,FSL13
E0656,"luba' golondrina","(lu-ba7) golondri*na",s,RGL03;RLC04;RLC10;FSL15;RLC15;VOT15;FSL16
E0657,"luba' gu","lu-ba7 gu",s,JLC;RGL03;RLC10
E0652,"luba' guie' begu","(lu-ba7) gye7 begu*",s,JLC;RLC10;FSL15
E0058,"luba' guitu","lu-ba7 gitu",s,JLC;RLC10
E0659,"luba' guitu xembe'","lu-ba7 gitu zhembe!7",s,JLC;RLC10;FSL14;RLC14;VOT14
E0059,"luba' jicama","lu-ba7 ji*ka-ma",s,JLC;RLC10
E0060,"luba' melon","lu-ba7 me-lo!n",s,JLC;RLC10
E0662,"luba' nisa","lu-ba7 j.nyaa* nisa",s,FSL14
E0061,"luba' pepinu","lu-ba7 pepi*nu",s,JLC;RLC10
E1081,"luba' quichi'","lu-ba7 kichi!7",s,FSL14
E0664,"luba' rii","lu-ba7 rii",s,JLC;FSL14
E1078,"luba' tini","lu-ba7 tini",s,FSL14
E0667,"luba' uba","lu-ba7 u*ba",s,JLC;RLC10
E0063,"luba' xandie","lu-ba7 zha-ndye!",s,JLC;RLC10
E0064,"luba' xcu'du'","(lu-ba7) x.ku!7du ~ x.ku7du",s,JLC;RLC04;RLC10
E0065,"luba' yape","lu-ba7 yape",s,JLC;RLC10
E0670,"ludxi baca","ludxi* ba*ka",s,JLC;VC17
E0649,luxu,luzhu*,s,ND;FSL14
E0096,"madu xhcu'","madu! xcu'",s,EJG;ND;VC17
E0675,maguey,ma-ge!y,s,RLC04;RLC10
E1114,"mala madre",malama*dre,s,FSL14
E0677,mandarina,mandari*na,s,RLC04;RLC10
E0673,mango,ma*ngo,s,RLC04;RLC10
E0674,"mango ataulfu","ma*ngo atawu!lfu",s,FSL12
E0678,"mangu byuxe","ma*ngu byu*zhe*",s,BSL12
E0679,"mangu piña","ma*ngu pi*nya",s,BSL12;VOT12
E1249,"mangu yaa","ma*ngu yaa",s,VC17
E0682,mansana,mansa*na,s,JLC;RGL03;RLC04;RLC10
E0683,mansania,mansa-nya!,s,JLC;RGL03;RLC04;RLC10
E1112,mantu,ma*ntu,s,FSL14;RLC14
E0681,"manu de lion","ma*nu de+ lyo!n",s,RLC04;RLC10
E0685,marabia,mara-bya!,s,CT12;RLL14
E0686,matabuey,mata-bwe!y,s,RLC04;RLC10;FSL12
E1113,"mañanita",manyani*ta,s,FSL14
E0688,melon,me-lo!n,s,RGL03;RLC10
E0689,"melon cha'hui'","me-lo!n cha!7wi",s,RLC04;RLC10;RLC14;VOT14
E0690,"melon gui'xhi'","me-lo!n gi7xi",s,RLC10
E0691,"melon huajaca","me-lo!n waja*ka",s,RLC10
E0692,mota,mo*ta,s,RLC04;RLC10
E0693,mudu,mudu*,s,JLC;ND;RGL03;RLC10
E0695,mudubina,mudubi*na,s,ND;RGL03;RLC10;FSL15;RLC15;VOT15
E1248,muni,muni!,s,JLC;RLC10
E0696,"na' yaga","na*7 yaga",s,RLC04;VC17
E0698,nanchi,na*nchi,s,JLC
E0699,"nanchi chaahui'","na*nchi chaawi",s,VOT12
E0700,"nanchi gui'xhi'","na*nchi gi7xi",s,VP;RGL03;RLC10;FSL12
E0701,"nanchi lula'","na*nchi lu-la!7",s,JLC;RLC04;RLC10
E0702,naranja,nara*nja,s,RLC04;RLC10
E1316,nareela,na-reela*,a,EJG;VP;RLC04
E0794,"narru zaa","(na-)rru zaa*",a,JLC
E0703,"nateede'",na-teede*,a,JLC;RLC10
E0843,naxada,(na-)zha!da,a,JLC;ND;RLC10
E0337,"naziña",na-zinya,a,RGL03;RLC10;VC17
E0709,"ndaani' nite","ndaani nite",s,RGL03;FSL14;RLC14
E0707,"ndaani' yaga","ndaani yaga",s,RGL03;RLC10
E0708,ndaga,ndaga,s,EJG;ND;RLC10
E1214,ndu,ndu,s,EJG;VC17
E0712,"ngaaxi'",ngaazhi,s,EJG;RGL03;RLC10;VC17
E1253,"ni rigu'ba guixi","ni r.i-g.u7ba gizhi",R,JLC;RLC10
E0714,"ni rucui guixi","ni r.u-kwi gizhi",R,JLC;RLC10
E0717,niidxi,niidxi*,s,EJG;VP;RLC10
E0718,"niidxi huada'","niidxi* wada!7",s,JLC;RLC10
E0719,"nisa arnica","nisa a*rrni-ka",s,RGL03;RLC04;RLC10
E1256,"nisa biga raagu'","nisa biga raagu",s,VC17
E0720,"nisa canela","nisa kane*la",s,RLC04
E0721,"nisa coco","nisa ko*ko",s,RLC04
E1254,"nisa dxu'ni' arnica","nisa dxu!7ni a*rrni-ka",s,RGL03;VC17
E1196,"nisa dxu'ni' xuba'","nisa dxu!7ni zhuba!7",s,VC17
E0723,"nisa mansania","nisa mansa-nya!",s,RLC04;RLC10
E1255,"nisa naga'nda'","nisa na-ga!7nda",s,VC17
E0728,nite,nite,s,EJG;JLC;ND;VP;RLC04;RLC10
E0726,"nite bere'","nite be-re*7",s,EJG;JLC;ND;VP;RLC10;RLC14;VOT14
E0727,"nite guela","nite gela",s,EJG;JLC;ND;RLC04;RLC10
E1257,"nite guie'","nite gye7",s,VC17
E0066,"nite paral","(nite) pa-ra!l",s,RLC10
E0097,"nite yaza","nite yaza",s,EJG;ND;VC17
E0729,niza,niza,s,EJG;JLC;ND;VP;RLC10
E0730,"niza huayachi","niza wa-ya!chi",s,RLC10;VC17
E0732,nochebuena,nochebwe*na,s,RLC04;RLC10
E0733,noni,no*ni,s,RLC12
E1109,nube,nu*be,s,RLC14
E0734,"nube gui'xhi'","nu*be gi7xi",s,FSL12;RLC12
E0739,ojasen,oja-se!n,s,VOT12
E0740,oregano,ore*gano,s,RLC04;RLC10
E0301,orqueta,orke*ta,s,RGL03;RLC04;RLC10
E1085,orquidia,orr-ki*dya,s,FSL14
E1089,"palo blanco",palobla*nku,s,FSL14
E1150,"palo mulato","palo mula*to",s,FSL15
E0741,papa,pa*pa,s,JLC;RGL03;RLC10
E0745,papause,papa!wu-se,s,JLC;RLC04;RLC10
E0742,papaya,papa*ya,s,RGL03;RLC04;RLC10;RLC14
E0749,paraisu,"parayi*su ~ para!ysu",s,JLC;RLC04;RLC10;RLC12;VOT12;FSL15;RLC15
E0747,"parawa xti' bidxi'","para*wa x.ti*' bi-dxi!7",s,RLC04;RLC10
E0748,parawita,parawi*ta,s,RLC04;RLC10
E0750,"pe'pe'",pe7pe,s,JLC;ND;RLC10
E1236,"pe'pe' bacua'","pe7pe ba-kwa*7",s,VC17
E0752,"pe'pe' rini","pe7pe ri*ni",s,JLC;RLC10;FSL12;VC12;RLC14
E0753,"pe'pe' rini duubi'","pe7pe (ri*ni) duubi",s,FSL12
E0754,"pepinu gui'xhi'","pepi*nu gi7xi",s,RLC10
E0755,"pepinu huiini'","pepi*nu wiini",s,JLC;RLC10
E0760,"pichiinchi yu","pi-chii*nchi* yu",s,RGL03;RLC10;ATR12
E0764,pimienta,pimye*nta,s,RLC04;RLC10
E0763,"pimienta gui'xhi'","pimye*nta gi7xi",s,FSL13
E0756,pinu,pi*nu,s,RLC04;RLC10
E0757,"pitu nisiaaba'","pi!tu nis=y.aaba",s,JLC;RLC10
E0772,"punta bandaga","pu*nta ba-ndaga",s,RGL03;RLC04;RLC10
E1284,ra,-a,v:i,EJG;VP;RLC07
E1294,raana,-aana,vB:t,EJG;JLC;ND;VP;RLC07
E1295,raande,-aande,vA:i,VC17
E1289,"raca curar",-aka=ku-ra!r,vC:i,JLC;RLC07;RLC11
E1288,"raca guela",-aka=gela,vC:i,EJG;RLC07
E1287,"raca niza","-aka # niza",vC:i,RLC07
E1286,"rachexqui'",-ache=x.ki7,vC:i,EJG;JLC
E1285,rachendu,-ache=ndu,vC:i,EJG;ND;RLC04;RLC07;VC17
E1290,rala,-alla,vC:i,EJG;JLC;ND;VP;RGL03;RLC04;RLC07
E1291,"rala zee",-alla=zee,vC:i,EJG;RGL03
E0783,"rama huiini'","rra*ma wiini",s,RGL03;RLC04;RLC10
E1293,"raxha de xcu","-axa # de+ x.ku",vC:t,JLC
E1292,"re gaana","AND+ g.aana*","v and",EJG
E1347,"riaande'",-y.aande,vA:i,JLC;VP
E1343,"riaba beenda'",-y.aba=beenda,vA:i,JLC;RLC07
E1344,"riaba bi'xu'",-y.aba=bi7xu,vA:i,EJG;RLC07
E1345,"riacha xuba'",-yacha=zhuba!7,vA:i,EJG
E1346,"riale'",-y.alle!7,vA:i,EJG;ND;VP;RLC09
E1296,ribagu,-b.agu,vD:t,EJG;JLC;VP
E1297,"ribee biidxi'","-b.ee* # biidxi",vD:t,""
E1299,"ribee biitu",-b.ee*=biitu*,vD,JLC;RGL03
E0150,"ribee du","-b.ee* # du",vD:t,JLC;RLC10
E1298,"ribee guela","-b.ee* # gela",vD:t,JLC;RGL03
E1269,"ribee xcui","-b.ee* # x.kwi",vD:t,VC17
E1300,"ribee ya",-b.ee*=ya,vD:t,EJG
E1301,"ribi'xu'",-bi7xu,vA,EJG;ND;VP
E1313,"rica be",-ka=be,vBirr:i,EJG;RLC07
E1312,"rica bi'xu'","-ka # bi7xu",vBirr:i,EJG;RLC07
E0035,"rica guie'",-ka=gye7,vBirr:i,JLC;RLC10;VC17
E1315,"rica yu",-ka=yu,vBirr:i,JLC;RLC07
E1302,"richeza layu","-cheza # la=yu",vB:caus,EJG;JLC;ND;VP
E1303,"ridi'di' ya",-di7di=ya,vC:i,EJG;RLC17
E1304,"ridxaaga' niza","-dxaaga* # niza",vA:i,EJG;VC17
E0776,riga,riga,s,VP;RLC10
E1305,"riga'",-ga7,vA,JLC;ND;VP;RLC17
E1307,"rigui'ba' biidxi'",-g.i7ba=biidxi,vD:i,EJG;RLC07;RLC17
E1271,"riguiche xiiñi'",-g.iche=zhiinyi,vD,VC17
E1306,"riguiche xqui'",-g.iche=x.ki7,vD:t,EJG;JLC;RGL03;RLC07
E1308,"riguiibi'  xuba'","-g.iibi # zhuba!7",vD:t,JLC;RLC17
E1310,"riguu biní","-g.uu # bi-ni",vD:t,EJG;JLC;VP
E1311,"riguundu'",-guundu,vA:i,EJG;JLC;VP;RLC04
E1319,"rindaa layu","-ndaa* # la=yu",vB:caus,JLC;RLC07;RLC17
E1317,"rindadi' niza","-ndadi!7 # niza",vB:caus,EJG;JLC;VP
E1318,rindani,-ndani,vB:i,EJG;JLC;VP;RGL03
E0036,"riree mudu",-r.ee=mudu*,vA:i,VP;RLC14
E1320,"rireeche cuaananaxhi","-reeche* # kwaana=naxi",vA:caus,EJG
E1279,"riuudxu'",-y.uudxu,vA:i,RLC04
E1348,"riuundu'",-y.uundu,vA:i,JLC
E1342,rixhii,-xii,vA:i,EJG;ND
E1349,"rixuuba' niza","-zhuuba # niza",vA~C:t,EJG;JLC;VP;RGL03;RLC04
E0779,rosieda,rrosye-da!,s,AV12
E0780,rrabano,rra*ba-no,s,RGL03;RLC10
E0781,rrama,rra*ma,s,RGL03;RLC04;RLC10
E0785,rrepoyo,rrepo*yo,s,JLC;RLC10
E0786,rroble,rro*ble,s,RLC04;RLC10
E0791,rromeru,rrome*ru,s,RLC04;RLC10
E0789,"rrosa clabel","rro*sa kla-be!l",s,RLC04;RLC10
E0790,"rrosa de castia","rro*sa de ka-stya!",s,RGL03;RLC04;RLC10
E0792,rruda,rru*da,s,JLC;RGL03;RLC04;RLC10
E0795,"ruaa bandaga","rwaa ba-ndaga",s,RGL03;RLC10;VC17
E1326,"rucaa gixi","-u-kaa # gizhi",vA:caus,EJG
E1270,ruchuxhi,-u-chuxi*,vA:caus,VC17
E1321,"ruchuxi niza","-u-chuxi* # niza",vA:caus,RLC04
E1322,"rudxiiba biní","-u-dx.iiba # bi-ni",vA:caus,JLC
E1323,"rugu'ba' geza","-u-g.u7ba # geza",vA:caus,EJG
E1324,"ruguu gu'xu'","-u-g.uu gu7xu",vA:caus,RLC04
E1325,"ruguu ya",-u-g.uu=ya,vA:caus,""
E1328,"runi xuba'","-uni # zhuba!7",vA,EJG;JLC
E1327,"rucui gixi","-u-kw.i # gizhi",vA:caus,JLC;RLC09;VC17
E1309,"ruquiiba'",-u-k.iiba,vA:caus,""
E1329,"rusiga'",-u-si-ga!7,vA:caus,JLC;RLC09
E1330,"rusiguundu'",-u-si-guundu,vA:caus,EJG;JLC;VP;RLC09
E1331,rusiteede,-u-si-teede*,vA:caus,EJG;ND;RLC09
E1339,"rusiu'dxu'",-u-s.y.u7dxu,vA:caus,EJG;JLC;VP;RLC09
E1332,"rutopa yaga","-u-topa* # yaga",vA:caus,EJG
E1340,"ruutu'",-uutu,vA:t,EJG;JLC;ND;VP;RGL03;RLC09
E1333,"ruzaande' xuba' niyaa","-u-zaande # zhuba!7 ni-yaa*",vA:caus,EJG;JLC;RLC09
E1335,"ruzaande' zhu-baande'","-u-z.aande zhu-b=a!ande",vA:caus,EJG
E1334,"ruzaande' ñe yaa","-u-zaande nye* yaa",vA:caus,EJG;RLC09
E1336,"ruzeechu' gixi","-u-z.eechu # gizhi",vA:caus,VC17
E0797,"sa gue'la'","sa! ge7la",s,FSL12
E0804,safiate,sa-fya*te,s,RLC04;RLC10
E0803,safras,sa-fra!s,s,RLC04;RLC10
E0805,salbarial,salba-rya!l,s,CS12
E1101,samanina,samani*na,s,FSL14;RLC14
E0806,"san juan",san-jwa!n,s,FSL14;RLC14
E1088,sana,sana,s,FSL14
E0808,"sapa ndu","sapa ndu",s,EJG;JLC;ND;VP;RGL03;RLC07;RLC10
E0809,"sapatu duende","sapa*tu dwe*nde",s,FSL13
E1128,sapotiu,sapo-tyu!,s,FSL13
E1176,seboya,sebo*ya,s,JLC;RLC10
E1263,"seboya guixi","sebo*ya gixi",s,VC17
E0812,"seboya moradu","sebo*ya mora*du",s,RLC04;RLC10
E0811,"seboya nisa","sebo*ya nisa",s,FSL14
E0810,sedru,se*dru,s,JLC;RLC04;RLC10
E1192,semia,se-mya!,s,VC17
E1111,seresa,sere*sa,s,FSL13
E0821,siemprebiba,syemprebi*ba,s,RLC04;RLC10
E0816,silantru,sila*ntru,s,RGL03;RLC10
E0358,sinconegritos,sinkonegri*tos,s,JLC;FSL14
E1213,sinta,si*nta,s,VC17
E0818,sorgo,so*rgo,s,JLC;RLC10
E0822,"taangu ta beela","taa*ngu* ta! bee*lla*",s,JLC;RLC10;FSL12;RLC12;VOT12
E1276,"taberna'",tabe-rrna!7,s,VC17
E1073,tamarindiu,tamari-ndyu!,s,FSL14
E0824,tamarindu,tamari*ndu,s,JLC;RLC10
E0825,tamburete,ta-mbu!+rete,s,JLC;RGL03
E1080,"tau cuuni","tawu!7 kuuni*",s,JLC;RLC10;FSL12;FSL14
E1067,"te cimarron","te! sima-rro*n",s,FSL14
E0829,"te limon","te! li-mo!n",s,JLC;RLC04
E0830,teede,tee*de*,s,JLC;RLC10
E0832,teresita,teresi*ta,s,RLC04;RLC10
E0835,"ti'xhi yaga","ti7xi yaga",s,JLC;RLC10;VC17
E0833,tini,tini,s,JLC
E1266,"trompi'pi'",tro-mpi!7pi,s,VC17
E0837,"trompo'po'",tro-mpo!7po,s,EJG;JLC;ND;VP;RLC07;RLC10;FSL14;RLC14;RLL14
E0839,tulipan,tuli-pa!n,s,RLC04;RLC10;CS12
E0840,"tulipan gui'xhi'","tulipa!n gi7xi",s,BSL12;FSL12
E0838,tule,tu*lle,s,JLC;RGL03;RLC10;FSL12;VC17
E1207,"xa'na' bandaga","zha7na ba-ndaga",s,VC17
E0844,"xa'na' guie'","zha7na gye7",s,RGL03;RLC04;RLC10
E0845,xandie,zha-ndye!,s,EJG;VP;RGL03;RLC10
E0852,"xcancha yaga","x.kaa*ncha* yaga",s,JLC;RLC10;RLC14;VC17
E0853,"xcola beenda'","x.ko*lla beenda",s,JLC;RLC10
E0855,"xcola ziña","x.ko*lla zinya",s,RGL03;RLC04;RLC10
E0858,xcu,x.ku,s,EJG;VP;RGL03;RLC04;RLC10
E0859,"xcu be'te'","x.ku be7te",s,JLC;FSL12;RLC14;VOT14;FSL15;RLC15;VOT15
E0861,"xcu cue' yaga","x.ku kwe7 yaga",s,RGL03;RLC04;RLC10
E0862,"xcu guitu xembe'","x.ku gitu zhembe!7",s,JLC
E0863,"xcu huiini'","x.ku wiini",s,RGL03;RLC04;RLC10
E0864,"xcu mayor","x.ku ma-yo!rr",s,RGL03;RLC04;RLC10
E0865,"xcu nite","x.ku nite",s,JLC;RLC10
E0867,"xcu ziña","x.ku zinya",s,JLC;RLC10
E0883,"xcuaana'",x.kwana!7,s,RLC10;VC17
E0875,"xcuaana' bata","x.kwa(a)na bata",s,JLC;VP;VC17
E0876,"xcuaana' be'za yaga","x.kwaana be'za yaga",s,JLC;RLC10;RLC14
E0877,"xcuaana' bi'cu' yu'ba'","x.kwaana bi7ku (yu!7ba)",s,EJG;JLC;ND;RLC10;FSL15
E0878,"xcuaana' biichi","x.kwaana biichi*",s,EJG;RLC10;FSL12;RLC14;FSL15
E0882,"xcuaana' gui'xhi'","x.kwaana gi7xi",s,EJG;RLC10;VC17
E0880,"xcuaana' guiyu","x.kwaana gi!yu",s,FSL13
E0884,xcui,x.kwi,s,JLC;VC17
E0871,xcuuchi,x.kuuchi*,s,EJG;JLC;VP;RGL03;RLC04;RLC10;RLC14;VOT14;VC17
E0847,"xeedxe'","zheedxe ~ zheedxe wiini",s,EJG;JLC;VP;RLC04;RLC10;FSL12;FSL17
E0851,"xhaga la","xaga! la*",s,EJG;JLC;ND;VP;RLC10;FSL14
E0886,"xhidxi huada'","x.zhidxi wada!7",s,RLC10;BSL12;FSL12;VOT12
E1096,"xhidxiña","xi dxi*nya*",s,FSL14
E0909,"xhtuza niñu","x.tuuza ni*nyu",s,RLC04;RLC10;FSL14;VC17
E1051,xiaa,zhyaa*,s,EJG;JLC;ND;VP;RGL03;RLC10
E1052,"xiaa tule","zhyaa* tu*lle",s,RGL03;RLC10
E0913,xiga,zhiga,s,EJG;JLC;VP;RLC04;RLC10
E0914,"xiga ba","zhiga ba",s,EJG;JLC;VP;RLC10
E0915,"xiga be","zhiga be",s,EJG;JLC;VP;RLC10;RLC14;VC17
E1252,"xiga bidxaxa","zhiga bi-dxa*dxa*",s,VC17
E1259,"xiga bizunu","zhiga bi-zunu",s,VC17
E0916,"xiga giiru'","zhiga giiru",s,JLC;RLC10
E0917,"xiga gueta","zhiga geta",s,JLC;RLC10;VOT14
E0711,"xiga ndo'pa'","(zhiga) ndo!7pa",s,EJG;VP;RLC10;RLC14;VOT14;VC17
E0920,"xiiñi'",zhiinyi,s,JLC;RGL03;RLC10
E0921,"xiiñi' biduaa","zhiinyi bi-dwaa",s,RGL03;RLC04;RLC10;VC17
E0924,"xiiñi' nisa","zhiinyi nisa",s,JLC;VC17
E0598,"xla'sa' luba'","x.la7sa lu-ba7",s,FSL14
E0597,"xlasa bizaa","x.laza bi-zaa",s,JLC;RLC10
E1023,xlaza,j.laza,s,JLC;RLC10;FSL14
E0599,"xlo'mo' ziña","j.lo!7mo zinya",s,RLC10
E1024,xluxu,j.luzhu,s,ND;VP;RLC10
E0601,"xnisa cuananaxhi","j.nisa kwaana=naxi",s,JLC;RLC10
E0602,"xnisa nite","j.nisa nite",s,JLC;RLC10;VC17
E1137,xolo,zhollo,s,EJG;JLC;RLC04;RLC10;ATR14;RLC14;VOT14;FSL15;VOT15
E0890,xpata,x.pata,s,ND;VP;RLC10;VC17
E0146,"xpata ziña","x.pata zinya",s,EJG;ND;RLC10;VOT14;VC17
E0893,"xqui' baca","x.ki' ba*ka",s,JLC;RLC10
E0067,"xquicha na ahuela","(x.)gicha (na!) (a)we*la",s,JLC;RLC10;FSL14;VC17
E1194,"xquie' bi'cu'","x.kye7 bi7ku",s,VC17
E0900,"xquixhi' mani'","x.kixi!7 mani!7",s,EJG;JLC;ND;VP;RLC10
E0902,"xquixi bizaa","x.kizhi bi-zaa",s,JLC;RLC10;VC17
E1272,"xquixi seboya","x.kizhi sebo*ya",s,VC17
E0903,"xtaa biiu'","x.taa biiwu*7",s,FSL12
E0819,"xtaga be'ñe'","(gye7) x.taga be!7nye, x.taga be!7ny, s.taga be!7nye [FSL12]",s,JLC;ND;RLC;VP;RLC10;FSL12;FSL15
E0905,xtoope,x.too*pe*,s,RLC10;MLC14;RLC14;FSL15
E1211,"xtoope binni dxaba'","x.too*pe* binni* dxaba!7",s,VC17
E0907,xtropaju,xtropa*ju,s,JLC;RLC10
E1039,"xuba quichi'","zhuba!7 kichi7",s,RLC10;VC17
E1029,"xuba'",zhuba!7,s,EJG;JLC;VP;RLC04;RLC10
E1033,"xuba' bidxi","zhuba!7 bidxi",s,JLC;RLC10;VC17
E1034,"xuba' cubi","zhuba!7 ku*bi",s,RLC05;RLC10;VC17
E1035,"xuba' de","zhuba!7 de",s,JLC;RLC10;VC17
E1036,"xuba' guchi","zhuba!7 guchi",s,RLC10;VC17
E1044,"xuba' huayachi","zhuba!7 wa-y.a!chi",s,EJG;RLC11;RLC14
E1038,"xuba' moradu","zhuba!7 mora*du",s,RLC10;VC17
E0377,"xuba' ni gudo beeyu","zhuba!7 ni gu-d.o beeyu*",s,RGL03;RLC04;RLC10;VC17
E1275,"xuba' niyaa","zhuba!7 niyaa",s,GB17;VC17
E1041,"xuba' rooba'","zhuba!7 rooba",s,JLC;RLC10
E1042,"xuba' rooba' dani","zhuba!7 rooba dani*",s,FSL13
E1045,"xuba' xiña'","zhuba!7 zhi-nya*7",s,RLC10
E1047,"xuba' yuudxu'","zhuba!7 yuudxu",s,RLC10;VC17
E1030,"xuba' ziña","zhuba!7 zinya",s,EJG;JLC;ND;RLC10;RLC14;FSL15;RLC15;VOT15;VC17
E0736,"xuba' ñe yaa","(zhuba!7) nye* yaa",s,ND;GB17
E1048,"xubaande'",zhuba!ande,s,JLC;RLC10;GB17
E1197,xuga,zhuga,s,VC17
E1237,"yaala bido'","yaalla* bi-do7",s,JLC;RLC10
E1057,"yaala'",yaalla*,s,EJG;JLC;ND;VP;RLC10;VC17
E1059,"yaana'",yaana,s,EJG;JLC;ND;VP;RLC10;VC17
E0925,yaga,yaga,s,EJG;JLC;ND;VP;RGL03;RLC10;RLC14;VOT14
E0125,"yaga bacua'","(yaga) ba-kwa*7",s,JLC;ND;RLC10;BSL12;FSL14
E0126,"yaga bacua' dani","(yaga) ba-kwa*7 dani*",s,FSL14
E1120,"yaga bacua' guchi","(yaga) ba-kwa*7 guchi",s,RLC14
E1234,"yaga bacua' quichi'","(yaga) ba-kwa*7 kichi!7",s,FSL17
E0143,"yaga bara bacana'","(yaga) ba*ra ba-kana!7",s,RGL03;RLC04;RLC10;FSL15;RLC15;VOT15
E0116,"yaga bara seda","(yaga) ba*ra se*da",s,RLC10;FSL14;VOT14
E1127,"yaga bara seda xiña'","(yaga) ba*ra se*da zhi-nya*7",s,FSL14;RLC14
E0927,"yaga beu'","yaga beyu*7",s,JLC;RLC10;BSL12;FSL15;RLC15;FSL16
E0938,"yaga bia","yaga bya",s,RLC04;RLC10;VC17
E1148,"yaga biaa gueta","(yaga) byaa* geta",s,FSL16
E0296,"yaga biaa gueta chaahui'","(yaga) byaa* geta cha!7wi ~ byaa* geta chaawi ~ byaa* wiini",s,RLC04;RLC10;FSL15;VOT15
E0295,"yaga biaa gueta gui'xhi'","(yaga) byaa* geta gi7xi",s,EJG;JLC;VP;RLC04;RLC10;FSL16
E0939,"yaga biaaui","yaga b.yaawi*",s,JLC;RLC10;VC17
E0929,"yaga biadxi","yaga byadxi",s,EJG;JLC;ND;VP;RLC04;RLC10;VC17
E0178,"yaga bichiisa","yaga bi-chii*sa*",s,EJG;JLC;ND;RLC10;VOT12;FSL14;FSL15;VOT15
E1129,"yaga bichuga dxita","(yaga) bi-chuga dxita ~ bi-chuga dxita ~ bi-chuga",s,EJG;VP;RGL03;RLC10;FSL14
E0930,"yaga biduaa","yaga bi-dwaa",s,JLC;RGL03;RLC10;VC17
E0932,"yaga biga raagu'","yaga biga raagu",s,JLC;RLC10;RLC14;VC17
E0933,"yaga bii","yaga bii*",s,JLC;RLC04;RLC10;FSL15
E0245,"yaga bioongo'","(yaga) byoongo",s,EJG;JLC;VP;RLC04;RLC10;VOT15
E0246,"yaga bioongo' dani","(yaga) byoongo dani*",s,FSL12
E0248,"yaga biquiiche","(yaga) bi-kii*che*",s,EJG;VP;RLC10
E0250,"yaga biquiiche dani","(yaga) bi-kii*che* dani*",s,FSL12
E1178,"yaga biquiiche dxa'","(yaga) bi-kii*che* dxa*7",s,VC17
E0249,"yaga biquiiche quichi'","(yaga) bi-kii*che* bla*nku",s,FSL12
E0257,"yaga bitiaa","(yaga) bi-tyaa*",s,JLC;ND;VP;RGL03;RLC04;RLC10;RLC12;FSL15;RLC15
E0770,"yaga bizi lanna'","(yaga) bizi lanna!7",s,JLC;RGL03;FSL12;FSL14
E0934,"yaga bojo","yaga bo*jo",s,RGL03;RLC04;RLC10;FSL14
E0282,"yaga bramboyan","(yaga) brambo-ya!n",s,RLC04;FSL12;RLC12
E0935,"yaga bugambilia","(yaga) bugambi*llya",s,JLC;RLC04;RLC10;RLC14
E0286,"yaga bugambilia quichi'","(yaga) bugambi*llya kichi!7",s,RLC04;RLC10
E0287,"yaga bugambilia xiña'","(yaga) bugambi*llya zhi-nya!7",s,RLC04;RLC10
E0937,"yaga bui'","yaga bwi*7",s,RLC04;RLC10;VC17
E0936,"yaga buu","yaga buu*",s,RGL03;RLC10;FSL14
E1283,"yaga canela","yaga dani* ~ yaga kane*la",s,RLC10;RLC14
E0331,"yaga chu bi'","(yaga) chu! bi7",s,EJG;JLC;ND;VP;RLC10;FSL15
E0943,"yaga chuga","yaga chuga",s,BSL12
E0332,"yaga chumaga muxe'","(yaga) chu!-ma*ga muzhe!7",s,RLC10;FSL12
E0333,"yaga chumaga nguiiu'","(yaga) chu!-ma*ga ngi!yu7",s,JLC;RLC10;FSL15
E0071,"yaga cobanu","(yaga) ko*ba+nu",s,JLC
E0940,"yaga coco","yaga ko*ko",s,JLC;RLC04;VC17
E0072,"yaga coros","yaga ko-ro!s",s,JLC;FSL14;RLC14
E0941,"yaga cuaananaxhi","yaga kwaana=naxi",s,EJG;FSL14;RLC14
E0944,"yaga dani","yaga dani* ~ yaga kane*la",s,RLC10;RLC14
E0346,"yaga du'ga'","(yaga) du!7ga",s,EJG;VP;RLC04;RLC10;RLC14;RLC15;VOT15
E0074,"yaga dxima","(yaga) dxi*ma*",s,JLC;RLC10;FSL15
E1094,"yaga dxima yuxi","(yaga) dxi*ma* yuzhi",s,FSL15
E1264,"yaga giichi zhiga be","(yaga) giichi* zhiga be",s,JLC;RLC10
E0946,"yaga granada","yaga grana*da",s,JLC;RLC10;RLC14;VC17
E1077,"yaga granadiu","(yaga) grana-dyu!",s,JLC;RLC10
E0078,"yaga guenda bidxu","(yaga) genda* bi*dxu*",s,JLC;RLC10;VC17
E0948,"yaga guenda dxiña cha'hui'","yaga genda* dxinya cha!7wi ~ yaga genda* dxinya ~ genda* dx^inya ~ enda* dxi^nya",s,JLC;VP;RLC04;RLC10;RLC14;FSL15;VOT15
E0393,"yaga guesa","(yaga) ge*sa*",s,EJG;JLC;ND;VP;FSL14
E0952,"yaga guie'","yaga gye7",s,EJG;ND;VP;RLC10
E0535,"yaga guie' cha'chi'","(yaga) gye7 cha7chi",s,EJG;ND;VP;RLC04;RLC10;RLC14;FSL15;VOT15
E0556,"yaga guie' niza","(yaga) gye7 niza",s,EJG;RGL03;RLC04;RLC10;CS12;VC12;FSL15;RLC15
E0565,"yaga guie' tiiqui","(yaga) gye7 tiiki*",s,EJG;JLC;VC;RLC10;FSL15;VOT15
E0576,"yaga guie' yaase'","(yaga) gye7 yaase",s,EJG;JLC;VP;RLC10;RLC14;RLL14;VOT14
E0950,"yaga guiiba'","yaga giiba",s,VC17
E0414,"yaga guiichi bateede","(yaga) giichi* ba-teede*",s,JLC;RLC10
E0418,"yaga guiichi bele","(yaga) giichi* belle",s,RLC10
E0435,"yaga guiichi biaa gueta","(yaga) giichi* byaa* geta",s,VP;RGL03;RLC04;RLC10;RLC14
E0420,"yaga guiichi bidoorre","(yaga) giichi* bi-doo*rre*",s,JLC;VP;RLC10;FSL15;FSL16
E0424,"yaga guiichi biduaa","(yaga) giichi* bi-dwaa",s,RLC14;FSL15;RLC15
E1167,"yaga guiichi biduaa huiini'","(yaga) giichi* bi-dwaa wiini",s,RLC14;FSL15;RLC15
E1168,"yaga guiichi biduaa naro'ba'","(yaga) giichi* bi-dwaa na-ro7ba",s,RLC14;FSL15;RLC15
E0327,"yaga guiichi lui'","(yaga) giichi* lwi*7",s,JLC;RLC10;FSL16
E1201,"yaga guiichi xiga be","yaga giichi* zhiga be",s,VC17
E0080,"yaga guiichi yaa","(yaga) giichi* yaa",s,JLC;RLC14
E0582,"yaga huala'dxi'","(yaga) wa-la!7dxi",s,JLC;RLC10
E1277,"yaga huecu","yaga we*ku",s,ND;RGL03;RLC04;RLC10
E0130,"yaga huigu'","(yaga) wigu!7",s,EJG;JLC;ND;RGL03;RLC04;RLC10;FSL12
E0051,"yaga igu'","(yaga) igu!7",s,RLC04;RLC10
E0618,"yaga la guiaa","(yaga) la* gyaa*",s,JLC;RGL03;RLC10;FSL14;PTV14;RLL14;FSL15
E1115,"yaga la guie","(yaga) la* gye",s,FSL15
E0619,"yaga la guitu","(yaga) la* gi^tu",s,EJG;JLC;ND;VP;RLC10;FSL12;ATR14;FSL14;JLC14;LLL14;RLC14
E0316,"yaga la guitu copal","(yaga la* gitu) ko-pa!l",s,FSL12;FSL15
E1093,"yaga la guitu guiichi","(yaga) la* gi^tu giichi*",s,FSL14;FSL15
E1092,"yaga la guitu quichi'","(yaga) la* gi^tu kichi!'",s,ATR14;JLC14;LLL14;RLC14;FSL15
E1091,"yaga la guitu xiña'","(yaga) la* gi^tu zhinya*'",s,FSL14;JLC14;LLL14;RLC14;VOT14;FSL15
E0085,"yaga la xhadxi","(yaga) la* xa*dxi",s,JLC;RLC14;RLL14
E0957,"yaga lima","yaga li*ma",s,RLC04;RLC14;VC17
E0958,"yaga limon","yaga li-mo!n",s,RLC04;VC17
E0672,"yaga ma lu'lu'","(yaga) ma lu!7lu",s,JLC;FSL12
E0959,"yaga mandarina","(yaga) mandari*na",s,JLC;RLC04
E0086,"yaga mangu","yaga ma*ngu",s,JLC
E0961,"yaga mansana","yaga mansa*na",s,RLC04
E0784,"yaga naga'","ya na-ga!7",s,RGL03;RLC10;RLC14;VC17
E0089,"yaga nanchi","yaga na*nchi",s,JLC
E0965,"yaga naranja","yaga nara*nja",s,JLC;RLC04;RLC10
E0966,"yaga ngaaxi'","yaga ngaazhi DEN:RLC04,RLC10",s,RGL03;VC17
E0967,"yaga niidxi","yaga niidxi* DEN:RLC14",s,RLC10
E0968,"yaga nin","yaga ni!n",s,RLC12
E0969,"yaga nisa","yaga nisa",s,JLC;RLC10;VC17
E0090,"yaga papaya","yaga papa*ya",s,RLC10;VC17
E0746,"yaga papaya gui'xhi'","(yaga) papa*ya gi7xi",s,BSL12;FSL12;FSL14;MLC14;RLC14
E0743,"yaga papaya gunaa","(yaga) papa*ya gu-naa",s,RGL03;RLC04;RLC10;RLC14
E0091,"yaga papaya nguiu'","(yaga) papa*ya ngyu!7",s,RGL03;RLC04;RLC10;VC17
E0971,"yaga pinu","(yaga) pinu",s,JLC;RLC04;RLC10
E1261,"yaga pirul","yaga pi-ru!l",s,VC17
E0765,"yaga piñon","(yaga) pi-nyo!n",s,JLC;RLC04;RLC10;VC17
E0972,"yaga queebe'","yaga keebe",s,EJG;FSL14;MLL14;RLC14;VC17
E0973,"yaga rroble","(yaga) ro*ble",s,JLC;RLC04;RLC10
E1105,"yaga tachuela","yaga tachwe*la",s,FSL14
E0974,"yaga tama","(yaga) tama",s,JLC;RLC07;RLC10;CS12;FSL15
E0976,"yaga tini","yaga tini",s,RGL03;RLC10;FSL14
E0975,"yaga tinta","yaga ti*nta",s,FSL12
E0977,"yaga tuxhu","yaga tuxu",s,ND;RLC10;MLL14;VC17
E0978,"yaga ule","yaga u*le",s,RLC10
E1125,"yaga verde","yaga be*rrde",s,FSL13;RLL14
E0981,"yaga xhuxhu","yaga xuxu*",s,JLC;MLC14;RLC14
E1031,"yaga xuba' be'za'","yaga zhuba!' be7za",s,JLC;RGL03;RLC10;BSL12;FSL12
E0982,"yaga xuga","yaga zhuga",s,EJG;JLC;RLC10;FSL12;FSL14;RLC14
E0983,"yaga yaa","yaga yaa",s,RGL03;RLC10;RLC14
E0984,"yaga yaabi'","yaga yaabi",s,RGL03;RLC10;VC17
E1060,"yaga yaazi'","(yaga) yaazi",s,EJG;RLC10;FSL12;FSL14;RLC14
E0052,"yaga yana'","(yaga) yana!7",s,EJG;JLC;ND;RLC10;FSL12;VC12;MLC14;RLC14;RLL14;VOT14
E0987,"yaga yaxhu","yaga yaxu",s,RLC04;RLC10
E0991,"yaga zidi","yaga zidi",s,JLC;VC17
E0992,"yaga ziña","yaga zinya",s,EJG;JLC;ND;VP;RGL03;RLC04;RLC10;FSL15;RLC15;VOT15
E0970,"yaga ñee","yaga nyee",s,JLC;RLC10
E1053,yape,ya*pe,s,EJG;ND;VP;RLC04;RLC10;VC17
E0997,yaxhu,yaxu,s,EJG;JLC;ND;VP;RLC04;RLC10;RLC14
E0404,"yaya xuba'","ya*ya* zhuba!7",s,VC17
E1258,yaza,yaza,s,VC17
E1000,"yerba de cancer","ye*rba de+ ka*nser",s,RGL03;RLC04;RLC10
E1001,yerbabuena,yerbabwe*na,s,JLC;RLC04;RLC10
E1002,yerbadetoro,"ye*rba de toro",s,RGL03;RLC04;RLC10;FSL12;FSL17
E1003,yerbasanta,yerbasa*nta,s,JLC;RGL03;RLC04;RLC10;FSL12
E1004,"yonde'",yonde!7,s,JLC;RLC10
E1006,"yu cue'la'","yu kwe7la",s,RLC04;RLC10;VC17
E1007,yudxi,yudxi*,s,JLC;VP;RLC10
E0800,"za biduni","za bi!-du*ni",s,EJG;JLC;ND;RLC10;FSL12;FSL14;RLC14;FSL15
E0801,"za biguini","za bi!-gi*ni",s,JLC;RLC10;FSL12;FSL15;VOT15
E1009,"za niñu","za ni*nyu",s,RLC04
E1011,zana,zana,s,RGL03
E1012,"zana naxhi","za_na na_xi",s,EJG;ND;VC17
E1014,zee,zee,s,EJG;JLC;ND;VP;RGL03;RLC04;RLC10
E0989,"zee huiini'","zee wiini",s,RLC14
E1015,"ziidi'",ziidi,s,EJG;ND
E1017,"ziña banda'","zinya ba-nda*7",s,JLC;ND;RLC10;VC17
E1278,"ziña bidxi","zinya bidxi",s,VC17
E1018,"ziña bya","zinya bya",s,EJG;JLC;ND;RLC10
E1021,"ziña daa","zinya daa",s,JLC;RLC10;FSL14;VC17
E1022,"ziña yaa","zinya yaa",s,RGL03;RLC10;VC17
E0735,"ñaa",nyaa,s,JLC;ND;RLC10
E1267,"ñaa xcu","nyaa* x.ku",s,VC17
E1210,"ñee bandaga","nyee ba-ndaga",s,VC17
E1069,"ñee bidxiña","nyee bi-dxinya*",s,FSL14
E0737,"ñee yaga","nyee yaga",s,RGL03;RLC10
